study_hours,attendance,previous_score,assignment_score,sleep_hours,result
4.6,64.1,79.3,51.9,7.1,1
1.9,59.4,68.2,83.5,6.7,1
5.5,88.2,91.0,59.1,7.8,1
5.9,76.8,38.7,67.6,7.5,0
0.1,61.6,52.1,52.0,3.2,0
1.4,72.1,50.5,83.6,7.5,0
4.3,45.1,30.7,63.8,5.6,0
3.4,68.5,75.3,57.0,5.1,1
4.0,93.9,55.9,50.5,6.6,0
2.3,69.0,69.4,77.2,7.3,1
5.8,73.5,97.2,76.2,4.8,1
5.6,78.9,56.3,61.1,7.6,0
4.1,80.9,53.8,80.3,7.7,1
6.3,49.4,64.0,56.1,6.9,0
4.9,51.2,75.7,72.6,5.8,0
2.3,69.9,49.8,74.3,5.6,0
4.7,62.5,51.3,72.8,8.0,1
2.1,82.9,73.9,68.3,5.0,1
5.8,68.9,67.4,63.9,8.1,1
3.9,46.6,29.2,28.3,6.6,0
3.6,54.2,41.2,42.7,6.7,0
2.6,35.0,81.2,77.9,4.8,0
6.4,70.9,68.5,66.5,6.6,1
3.7,67.3,48.3,61.4,7.5,1
3.1,63.6,56.6,78.2,5.2,1
3.3,81.9,59.5,48.2,7.4,1
5.1,86.0,72.1,66.5,6.9,1
4.7,69.1,40.4,59.8,6.0,0
4.8,45.6,48.2,50.4,7.8,0
4.9,78.7,65.0,87.0,4.2,1
8.3,83.1,62.8,78.8,7.2,1
3.2,72.5,67.8,72.2,8.7,1
3.0,80.2,40.5,82.3,8.5,1
2.4,53.6,63.7,45.5,7.3,0
5.2,96.0,77.6,71.9,6.4,1
6.3,61.9,69.6,74.0,6.0,1
3.8,78.6,61.9,52.9,6.4,1
2.3,47.2,56.9,68.0,7.5,0
2.4,56.4,45.8,43.8,5.8,0
5.3,90.1,60.2,74.8,7.7,1
5.5,69.1,80.4,88.0,9.4,1
5.1,81.7,59.3,68.5,6.7,1
2.7,70.8,45.3,33.2,5.2,0
4.5,69.4,53.1,48.7,5.2,0
4.2,86.7,63.2,74.2,7.7,1
4.4,67.8,54.8,63.2,6.7,0
5.7,51.2,69.0,30.9,7.9,0
4.4,61.0,68.3,85.7,6.2,1
5.4,78.7,74.7,72.8,7.8,1
4.1,74.9,81.5,62.1,6.6,1
4.6,52.1,75.5,85.1,5.9,1
5.3,63.2,47.2,50.4,6.3,0
1.1,58.6,43.5,48.8,5.4,0
3.4,64.7,58.2,69.3,9.2,1
3.1,52.1,52.3,86.9,6.7,1
2.7,60.5,41.6,80.4,7.6,0
3.4,60.4,52.8,67.2,6.2,0
7.0,83.7,55.9,69.8,5.5,1
2.3,77.1,48.2,71.4,6.5,1
5.9,71.2,57.2,46.3,8.1,0
0.6,60.2,74.3,79.7,6.2,0
3.3,70.7,62.3,55.7,5.8,0
4.3,60.7,97.4,84.4,7.0,1
5.2,58.0,63.7,63.3,7.4,1
5.4,60.9,57.1,70.8,8.8,0
5.6,64.8,61.6,67.3,7.2,1
3.3,55.0,63.1,23.2,7.6,0
3.1,70.6,65.6,69.7,7.7,0
5.7,81.3,92.9,87.1,5.4,1
3.6,50.4,46.9,66.0,5.6,0
1.4,66.5,70.3,67.7,5.5,0
1.7,64.0,60.8,88.3,5.2,1
2.2,71.3,34.6,59.2,7.8,0
5.0,71.3,72.6,76.1,7.1,1
4.3,53.0,79.3,87.3,6.9,1
5.4,56.9,48.5,65.5,3.7,0
3.1,69.1,59.0,52.0,9.3,1
4.3,82.8,34.4,20.6,5.7,0
5.3,45.3,42.4,51.3,9.3,0
3.4,73.2,75.1,81.7,5.1,1
4.9,85.6,53.9,57.6,5.8,1
2.7,66.2,42.0,69.0,4.2,1
3.3,75.5,62.7,68.2,7.2,1
3.2,60.4,51.4,79.6,5.5,0
1.6,65.0,50.5,57.1,5.5,1
5.0,52.0,72.1,76.4,5.2,0
3.1,40.5,41.6,64.7,7.7,0
4.0,81.4,46.4,80.6,7.7,1
5.0,59.6,63.3,42.4,9.0,0
4.9,65.9,75.4,64.8,6.0,1
5.3,55.4,79.9,84.8,7.1,1
3.8,52.8,49.8,82.6,5.3,1
3.2,66.6,73.2,73.6,6.4,1
3.8,61.0,48.1,56.1,6.2,0
0.6,69.5,84.0,85.2,7.4,1
1.1,71.1,40.1,69.2,8.0,0
1.4,69.9,77.3,66.9,8.0,1
2.0,69.9,48.2,64.9,5.8,0
4.8,90.1,91.0,93.9,8.0,1
2.2,54.5,67.1,94.3,6.7,1
3.2,68.2,44.0,69.0,6.4,1
6.6,87.5,54.8,63.5,5.9,1
3.3,84.1,71.0,68.6,6.1,1
5.5,55.2,77.3,79.7,8.9,1
2.1,63.5,57.1,62.2,7.2,0
3.6,85.7,60.3,67.8,7.0,1
2.1,73.2,69.5,54.0,6.5,0
3.3,71.3,61.3,83.7,9.7,1
5.7,69.9,42.3,41.9,8.4,0
0.5,60.2,44.4,52.7,5.9,0
4.9,74.8,64.4,68.1,6.5,1
4.5,67.7,78.7,100.0,6.5,1
2.8,67.7,83.1,68.3,7.0,1
1.1,66.6,68.8,59.2,6.0,0
4.1,62.1,64.5,59.1,7.3,0
2.9,74.8,70.2,92.3,8.5,1
4.5,100.0,50.5,21.8,5.2,1
4.0,48.7,57.7,50.1,5.4,0
7.2,78.7,50.8,99.6,6.2,1
3.5,60.2,40.8,65.6,6.3,1
2.0,73.9,63.0,50.7,9.2,1
4.4,71.1,63.1,65.7,8.0,1
4.4,79.8,70.8,70.2,7.9,1
6.7,88.2,70.9,81.2,6.5,1
5.7,74.8,65.3,92.9,6.5,1
4.7,84.7,69.1,74.1,5.1,1
6.9,46.3,62.3,58.4,7.7,1
1.6,85.5,63.8,77.5,7.4,1
2.7,72.6,47.8,50.4,8.3,1
2.1,80.2,63.7,52.0,6.5,1
3.2,54.2,69.2,44.1,6.6,0
1.2,55.9,47.2,38.0,7.0,0
5.3,73.7,62.0,53.3,7.9,1
3.6,69.1,50.2,44.6,5.0,0
1.1,69.0,49.2,65.0,7.7,0
2.0,80.0,41.1,40.6,6.8,0
4.6,49.8,79.6,28.8,5.5,0
5.7,84.2,77.7,57.4,4.3,1
8.0,76.1,72.1,63.2,6.6,1
9.8,76.3,95.4,70.7,8.5,1
4.8,53.6,58.0,85.5,8.8,1
2.0,73.1,100.0,72.4,7.2,1
0.0,35.0,52.6,74.4,9.2,0
4.5,78.6,64.4,66.5,6.7,1
2.4,49.7,52.4,61.4,7.9,0
3.2,69.4,64.8,55.2,6.3,1
2.8,66.7,71.3,68.7,6.2,0
3.7,83.6,58.0,53.5,6.0,1
6.1,71.1,88.8,78.9,4.3,1
4.3,62.1,63.9,63.3,8.3,0
3.7,63.4,63.7,53.3,6.0,0
1.9,82.2,44.3,72.6,5.8,0
0.7,71.4,62.9,72.1,5.4,0
3.0,63.9,57.0,57.5,6.6,1
3.9,67.0,50.8,63.3,8.9,0
7.5,56.5,51.9,60.6,9.3,0
4.3,75.1,100.0,68.9,4.8,1
6.0,51.8,58.0,65.2,6.4,0
3.0,77.5,37.1,47.2,5.6,0
1.6,68.0,47.2,46.6,8.0,1
2.1,95.7,57.3,41.2,7.1,0
2.5,54.6,66.7,62.7,6.0,0
8.3,75.2,72.6,78.0,6.9,1
2.4,89.1,68.5,58.7,6.2,1
5.7,86.8,52.0,97.1,8.7,0
2.2,58.9,63.3,78.7,7.5,1
5.9,75.5,48.7,78.7,7.6,1
4.8,71.2,51.5,72.7,3.6,1
3.7,72.9,45.9,85.3,6.7,1
3.9,61.5,42.1,46.8,9.3,1
2.7,67.0,74.7,35.0,8.4,0
4.9,52.2,71.2,63.2,4.6,0
3.1,70.3,73.7,78.3,6.4,1
1.5,71.7,58.1,66.4,5.4,0
1.4,63.4,69.1,72.5,8.9,0
4.3,51.1,33.9,73.1,7.1,0
7.2,86.6,76.1,76.8,5.9,1
4.3,74.9,63.0,77.4,6.8,1
3.8,60.9,69.2,55.5,3.7,0
4.6,67.5,66.3,52.2,5.5,0
6.6,55.9,47.8,82.7,6.8,1
4.4,58.4,38.0,57.6,7.8,0
3.2,62.3,48.5,51.7,4.5,0
6.2,88.1,70.7,60.6,6.3,1
4.9,63.6,71.2,60.4,8.0,1
7.1,82.3,42.6,48.1,5.1,0
4.4,64.1,45.6,41.3,7.1,0
1.6,69.3,46.7,38.7,6.9,0
1.3,64.2,51.9,59.0,8.9,0
7.3,85.4,42.9,49.8,6.5,0
7.4,68.8,42.1,73.3,6.6,1
3.6,50.6,47.3,64.0,7.8,0
3.2,52.3,60.5,68.9,5.2,0
6.9,68.0,45.2,48.7,6.5,0
1.8,51.7,56.0,61.7,6.3,0
2.2,72.2,74.1,75.7,6.6,1
5.3,66.3,41.8,67.7,7.8,0
3.2,97.3,56.1,62.1,7.5,1
4.0,49.1,75.4,86.3,5.9,1
3.7,72.0,53.4,62.5,7.0,1
4.7,57.5,52.1,72.9,8.6,1
6.8,68.3,80.3,66.2,5.8,0
4.2,72.0,55.6,37.9,7.0,0
5.3,44.0,77.9,75.9,6.6,1
0.0,66.8,62.4,76.1,6.7,1
3.9,92.7,54.8,71.0,4.8,1
2.3,62.0,65.5,73.1,8.5,1
1.6,69.5,62.4,61.1,5.9,0
2.2,79.7,73.6,59.1,8.0,1
3.3,67.0,51.1,69.2,6.1,1
5.8,65.8,62.4,72.0,6.0,1
1.3,38.7,56.4,55.7,8.3,0
4.1,77.8,70.6,84.8,8.0,1
3.0,67.2,43.7,46.1,7.1,0
3.3,56.9,74.6,62.7,7.7,1
6.0,74.5,69.0,91.5,6.5,1
5.1,64.6,41.3,69.7,6.8,0
6.7,67.7,80.8,68.3,6.0,1
3.7,76.8,93.2,82.3,7.9,1
2.6,51.9,73.6,72.6,6.0,1
3.6,81.9,81.0,34.9,8.6,0
4.5,54.0,61.8,53.0,6.4,0
4.4,62.6,35.4,54.5,6.8,0
1.8,89.8,30.2,48.1,7.7,0
4.2,83.8,64.0,70.1,6.8,1
4.5,71.9,51.6,77.4,6.4,1
9.0,66.3,51.3,57.0,6.8,1
7.8,69.3,62.8,51.3,7.9,1
2.3,68.3,67.5,72.6,6.0,1
3.4,69.6,37.6,51.5,6.6,0
1.1,64.5,50.3,59.0,6.8,0
2.8,67.9,81.5,69.5,7.8,1
4.6,68.4,44.5,90.2,6.7,0
6.4,56.3,75.5,39.8,9.0,1
2.5,61.6,51.3,56.1,6.6,0
2.7,79.0,66.9,67.7,6.5,1
0.0,47.6,72.5,59.0,6.6,0
3.7,67.2,70.8,81.9,5.2,1
1.9,57.0,71.5,81.0,5.6,0
2.9,69.7,41.7,57.0,6.2,0
2.2,62.7,75.0,67.2,8.2,0
3.8,87.4,47.0,58.2,6.8,1
0.5,70.8,60.4,63.7,6.2,0
1.1,49.9,60.9,64.3,8.3,1
8.3,84.4,71.5,67.0,8.7,1
1.4,56.8,62.5,69.5,8.3,1
1.8,59.8,45.1,69.6,5.8,0
7.7,79.3,43.4,41.1,6.2,0
9.8,72.8,78.9,57.8,9.0,1
1.7,77.2,60.4,40.7,7.1,1
3.3,59.6,76.5,83.7,6.5,1
4.7,63.6,60.0,68.5,7.7,1
7.5,67.3,42.4,65.0,8.0,0
2.0,60.3,72.5,50.0,6.1,1
3.5,82.5,54.0,87.6,7.1,1
5.6,79.9,66.7,59.1,7.9,1
4.9,91.8,51.2,63.8,5.4,1
3.2,96.1,83.9,86.5,6.8,1
3.7,57.2,46.6,45.8,5.5,0
1.3,66.7,52.2,54.2,5.6,0
3.5,55.2,61.1,68.0,6.1,1
3.5,59.9,43.1,98.2,7.4,1
4.5,63.1,65.4,71.4,6.4,1
2.9,55.6,83.1,96.7,6.0,0
4.9,58.8,53.6,79.3,6.9,1
6.0,71.3,68.0,73.3,5.4,1
4.3,55.9,19.1,34.8,7.3,0
4.7,81.2,60.1,79.9,8.2,1
4.1,59.1,55.4,42.2,6.7,0
4.0,100.0,47.7,82.5,6.6,1
2.6,62.4,74.8,73.7,7.2,0
4.6,71.8,55.7,26.2,4.4,0
3.8,54.2,57.1,59.1,7.4,0
8.2,96.8,58.5,73.6,10.0,1
7.1,88.2,34.4,51.4,6.7,0
4.8,74.7,43.8,68.5,6.7,0
2.5,51.5,72.9,58.3,7.7,0
1.8,69.2,26.1,33.2,8.8,0
6.4,60.1,50.9,60.4,8.0,1
4.5,88.3,54.5,63.3,4.2,0
5.0,81.2,87.1,71.0,7.5,1
0.5,65.9,68.0,85.4,9.9,1
5.9,43.5,53.5,50.5,7.5,1
4.9,59.6,80.5,77.6,5.4,1
1.8,74.9,46.7,60.6,7.1,1
3.1,83.1,74.2,48.9,5.3,1
4.5,84.1,40.1,38.6,8.3,0
4.1,51.1,76.2,71.6,5.7,1
3.4,72.7,53.3,90.1,6.9,1
3.8,81.9,44.4,66.9,5.8,0
3.5,49.3,56.2,39.3,6.1,0
4.3,70.4,64.5,23.2,8.6,0
6.9,77.7,55.5,73.5,6.9,1
0.0,60.4,64.3,65.4,6.1,0
3.5,47.1,50.8,77.3,5.4,0
4.4,66.6,69.7,56.5,4.6,1
4.6,67.0,67.2,72.8,5.3,0
3.3,67.1,58.3,76.2,6.9,1
0.5,58.0,49.9,54.7,8.0,0
4.7,65.7,62.9,60.2,6.1,0
7.5,74.7,71.7,70.0,8.7,1
0.9,70.7,87.9,83.7,5.9,1
5.7,68.9,75.8,71.1,6.5,1
3.3,64.1,74.0,84.2,5.5,0
3.9,70.9,100.0,74.5,8.0,1
1.9,43.8,65.6,48.7,9.3,0
3.3,74.7,66.6,95.3,4.7,1
6.6,73.9,73.2,61.8,6.4,1
5.2,72.2,46.0,51.5,8.3,0
7.5,86.7,56.8,62.8,5.1,1
6.4,50.1,54.8,63.8,7.5,1
4.9,47.6,70.6,63.8,8.3,0
7.5,78.5,60.9,65.1,6.9,1
4.9,71.2,63.0,65.6,7.5,1
5.7,74.5,78.0,74.6,8.9,1
3.4,63.6,72.4,36.9,9.1,0
4.1,78.2,57.7,90.4,6.7,1
2.6,79.1,48.6,58.4,6.2,0
6.0,78.8,79.0,80.7,5.7,1
1.6,63.3,69.3,49.4,8.0,0
5.6,47.1,37.5,49.4,5.2,0
3.6,78.7,54.9,53.6,6.5,1
6.3,88.2,64.8,87.5,6.9,1
5.5,80.0,73.2,62.1,6.2,1
7.6,64.9,77.3,82.5,7.1,1
5.5,80.3,65.7,58.2,9.9,1
0.9,75.6,65.6,60.9,6.7,0
3.9,88.5,60.8,61.9,6.3,1
1.7,56.0,47.5,78.0,8.0,0
3.0,65.7,55.0,36.6,7.1,0
7.0,83.5,63.3,47.9,8.5,1
5.3,72.6,60.8,38.0,7.0,1
2.6,54.5,30.3,37.9,6.5,0
2.0,71.9,52.0,50.4,4.7,0
4.1,77.0,60.9,42.8,4.9,0
1.6,67.4,53.3,52.1,4.6,0
2.7,70.6,55.0,34.8,7.3,0
4.6,67.8,67.9,53.9,5.2,1
6.3,91.2,46.1,76.3,8.3,1
5.2,61.0,36.8,61.4,6.8,1
0.0,57.0,50.8,63.9,6.5,0
4.6,71.0,72.1,55.8,5.8,1
4.1,80.8,85.5,53.7,7.5,1
4.8,53.3,72.6,54.1,5.8,1
7.2,59.1,41.2,56.9,5.6,1
0.0,39.5,52.5,74.2,8.2,0
2.8,68.6,62.7,78.7,7.2,1
5.2,58.4,63.8,75.4,6.5,1
0.8,60.6,64.9,56.6,7.6,0
7.0,82.4,49.2,61.0,6.8,1
4.7,63.4,61.7,61.2,7.3,1
5.7,75.3,68.0,65.4,5.8,1
2.9,64.7,71.2,98.0,9.3,1
5.6,80.5,49.5,36.1,6.1,0
6.1,78.9,57.0,60.5,8.7,1
4.5,62.4,19.9,65.9,6.6,0
4.5,68.7,51.1,40.9,7.8,1
4.5,83.3,52.7,53.1,7.7,1
2.3,72.1,43.0,50.8,8.2,1
3.7,52.8,62.2,62.7,5.8,0
3.7,77.4,58.9,42.2,8.1,0
4.8,58.1,26.9,60.1,9.0,0
6.0,89.9,65.2,76.4,6.5,1
1.9,79.1,44.0,65.7,6.8,0
3.7,73.1,67.0,55.6,6.2,1
7.0,76.3,43.7,59.7,6.4,0
2.5,65.3,59.0,52.0,8.9,1
2.4,75.7,54.1,58.0,5.6,1
4.4,66.2,65.0,97.1,5.7,1
5.7,75.4,63.6,67.8,8.7,1
4.0,80.5,56.2,46.9,7.5,1
6.7,67.2,39.6,59.4,9.3,0
5.7,65.2,39.6,37.9,6.3,0
5.7,58.2,52.9,45.4,7.0,0
5.1,58.9,61.0,50.8,6.0,1
8.7,55.0,55.5,57.0,7.0,1
3.6,78.1,69.0,81.7,4.7,1
0.0,85.7,51.8,69.8,7.6,1
7.2,91.9,48.7,67.8,7.2,1
3.1,49.1,54.9,47.6,6.7,1
4.2,79.0,63.6,58.9,6.3,0
6.6,91.0,67.5,71.8,5.7,1
0.8,59.7,85.0,66.2,7.7,1
1.5,67.5,47.5,56.1,5.4,0
0.8,41.1,55.7,69.5,7.4,0
2.4,70.8,64.8,62.0,9.3,1
4.9,58.6,60.5,68.4,8.6,0
5.0,74.0,53.5,84.7,5.0,1
4.6,52.1,37.3,53.5,6.2,0
1.2,72.3,49.5,77.3,7.3,1
0.0,76.3,39.9,64.8,6.7,0
4.1,60.8,34.2,34.1,5.1,0
3.1,54.9,47.1,44.4,7.3,0
4.9,45.5,45.2,47.4,6.8,0
5.4,68.9,70.2,57.1,9.1,1
4.3,63.4,69.3,67.5,6.5,1
5.5,53.7,48.0,68.8,8.2,0
4.5,76.1,56.6,81.2,5.3,1
5.1,66.2,33.2,58.6,5.6,0
2.6,55.0,51.2,55.2,7.7,0
3.6,62.8,65.6,38.1,8.1,0
4.4,83.4,72.8,71.1,5.7,1
5.6,79.7,50.9,61.7,6.8,1
3.2,67.3,75.0,73.6,5.1,1
5.0,79.0,38.3,85.8,6.6,1
3.5,55.3,40.8,74.7,7.8,1
3.8,70.0,70.4,80.2,6.3,1
5.7,74.3,86.7,62.2,6.5,1
0.0,58.4,63.4,59.2,5.4,0
1.4,71.3,56.8,62.4,6.0,0
1.0,56.2,24.1,39.8,8.9,0
0.0,70.1,25.7,58.3,6.9,0
2.6,74.6,60.6,70.2,5.6,0
5.5,37.2,56.1,48.2,6.4,0
3.4,83.4,42.8,74.9,4.9,1
4.4,34.0,61.4,67.0,5.6,0
6.2,65.9,63.9,42.4,8.4,0
6.7,86.3,76.8,71.0,6.6,1
3.9,66.0,61.9,69.7,9.1,1
6.7,56.5,81.1,87.1,6.7,1
4.2,57.2,60.3,60.4,6.8,1
2.3,79.8,56.6,75.2,7.6,1
2.8,45.2,74.8,73.5,3.6,0
1.0,79.1,42.4,39.5,7.0,0
2.2,66.7,100.0,61.2,6.7,1
3.3,54.6,64.9,82.7,8.6,0
5.6,65.4,67.3,84.7,8.0,1
7.4,63.0,71.3,74.0,5.4,1
1.2,76.2,85.4,96.1,8.3,1
4.8,80.0,72.7,84.9,6.5,1
1.9,46.2,33.8,64.1,5.7,0
4.9,66.6,82.0,61.0,7.0,1
3.7,59.2,54.6,87.1,6.6,0
0.3,80.0,57.9,71.7,8.6,0
5.9,56.6,42.7,52.7,7.2,0
2.8,87.4,66.7,58.3,7.0,1
2.9,68.0,49.2,64.3,7.9,1
1.9,52.8,59.4,41.4,8.1,0
2.7,59.9,54.4,72.6,7.7,0
4.9,61.7,89.7,63.5,8.5,1
3.6,54.1,89.4,81.9,7.5,1
4.7,72.1,61.4,58.2,7.0,1
4.7,56.4,61.7,62.0,8.3,0
6.6,47.8,57.0,53.2,6.7,0
3.3,64.4,75.9,69.1,6.8,1
1.0,43.9,52.1,88.3,8.9,1
6.1,64.2,55.8,82.7,8.7,1
3.3,58.1,74.0,75.6,6.8,1
6.2,62.9,54.2,62.3,6.3,1
4.8,95.2,60.2,76.9,8.6,1
3.7,70.3,36.0,71.2,7.8,0
4.7,74.0,71.3,57.9,7.2,1
7.9,54.5,93.0,77.1,6.4,1
8.2,68.4,75.0,45.5,7.2,1
4.1,72.8,82.1,89.5,6.8,1
4.3,58.2,47.6,89.0,6.0,0
6.2,84.1,65.7,68.4,7.0,1
2.3,53.0,44.2,28.9,7.1,0
4.7,67.6,57.2,72.4,6.3,1
3.9,62.9,71.5,57.0,7.9,0
4.6,72.9,62.2,56.6,8.3,0
2.3,59.8,37.1,64.6,8.0,0
0.8,62.0,37.1,59.4,6.5,0
0.0,61.2,35.3,48.3,7.7,0
1.8,57.8,65.1,58.0,6.9,0
3.1,74.4,90.0,78.8,5.3,1
3.4,72.0,79.9,67.2,7.6,1
7.9,74.7,35.4,39.6,7.0,1
6.2,68.2,83.5,69.8,9.9,1
2.1,76.7,72.1,74.6,8.5,1
4.7,68.2,37.5,53.5,7.7,0
3.2,65.1,54.6,43.1,7.1,0
3.4,70.4,75.9,85.2,7.0,1
4.4,90.9,68.6,30.1,5.6,1
5.2,55.8,41.6,51.4,4.7,0
3.3,78.2,68.5,59.7,5.8,0
6.1,50.5,30.1,55.1,6.7,1
1.7,69.2,54.4,70.6,4.3,1
4.0,88.9,77.1,87.6,6.1,1
9.2,83.7,65.5,57.2,6.5,1
4.4,72.7,53.0,70.4,6.5,0
6.9,67.6,76.2,74.2,6.0,1
4.2,70.6,74.8,47.0,6.4,1
5.2,68.7,80.8,99.9,8.9,1
3.9,60.4,73.0,50.1,7.6,1
3.7,66.0,75.9,77.2,6.1,1
2.4,70.0,69.4,74.2,6.7,1
4.9,62.1,64.8,70.8,6.8,1
2.3,57.8,59.6,57.9,5.9,1
5.3,55.7,57.8,75.7,5.9,1
6.2,77.9,44.0,36.7,8.0,0
4.7,77.6,46.4,58.6,6.3,1
3.4,71.9,55.2,55.2,5.5,1
4.9,82.9,64.5,57.3,6.7,1
3.4,70.1,81.0,79.4,6.9,1
5.9,77.5,61.2,80.6,4.4,0
0.3,68.2,71.4,64.8,6.8,1
3.3,67.9,75.5,82.1,7.8,1
0.0,57.7,52.5,62.7,7.3,0
1.0,92.1,65.9,54.9,9.5,1
6.7,68.7,59.1,61.0,8.3,1
5.8,64.7,81.6,69.5,8.5,1
2.6,73.0,68.1,58.5,10.0,1
1.0,68.5,39.1,62.7,7.7,0
0.0,47.1,58.4,67.7,7.0,0
2.9,81.8,83.6,52.2,8.0,1
8.8,76.1,62.1,42.7,6.1,1
4.9,58.0,67.6,74.0,6.9,1
2.9,82.6,67.1,56.4,6.0,0
4.9,78.9,45.4,63.4,7.3,0
0.9,50.1,64.5,77.7,6.0,0
3.4,90.4,38.5,38.6,6.0,0
4.2,78.2,50.8,41.6,7.3,0
3.8,69.6,76.0,94.8,6.6,1
5.6,91.5,66.9,72.7,4.5,1
4.7,72.9,56.1,57.6,5.1,1
5.3,71.7,68.0,55.1,5.4,1
2.6,60.0,57.7,56.9,5.7,0
5.8,79.7,62.0,49.1,7.3,1
7.3,80.6,73.1,82.6,7.1,1
2.1,67.3,47.1,49.0,8.1,0
2.2,57.9,58.8,79.8,7.7,1
6.7,75.6,58.0,58.6,8.1,1
3.6,68.6,35.8,40.7,7.5,0
6.8,58.2,49.0,54.6,7.1,1
3.1,51.0,82.6,37.3,8.1,1
6.9,81.1,68.7,66.8,7.9,1
4.3,39.2,40.4,54.8,7.3,0
4.5,73.2,37.4,67.5,8.3,1
7.1,69.0,61.4,39.2,4.0,1
3.3,84.6,82.7,90.3,6.5,1
2.1,61.3,55.3,74.6,6.4,0
3.1,76.6,78.7,90.0,8.2,1
4.9,66.6,66.2,66.7,8.7,1
0.9,66.7,63.9,80.8,5.1,0
5.3,80.8,41.2,36.9,8.5,0
2.9,62.8,73.0,80.2,5.4,0
6.3,85.4,57.3,53.1,5.4,1
0.0,52.1,68.9,45.5,6.5,0
2.4,71.2,46.2,43.7,6.4,0
0.6,76.0,59.3,64.8,4.9,0
2.3,75.4,63.6,54.9,7.6,1
4.5,93.7,58.2,69.5,7.6,1
3.6,60.3,65.7,42.0,8.1,0
3.5,52.7,55.5,33.4,6.3,0
3.7,57.6,49.9,80.2,6.8,1
4.4,78.5,84.5,87.4,6.8,1
2.0,72.9,73.7,55.8,8.8,1
5.4,73.3,50.0,61.0,3.4,0
5.3,58.5,69.9,83.2,5.7,1
4.8,80.4,49.6,66.7,6.8,1
5.1,57.0,43.3,60.4,5.5,1
4.6,84.8,76.1,86.8,6.5,1
8.1,100.0,38.5,46.2,6.6,1
3.8,74.1,73.7,70.9,6.0,1
3.4,76.1,55.6,63.0,6.9,0
2.5,61.8,55.3,59.3,7.6,0
1.9,45.2,64.1,61.2,6.5,1
1.5,59.0,66.2,68.5,6.3,1
2.2,54.2,45.8,59.8,6.6,0
3.9,52.4,70.6,54.6,6.8,0
4.7,91.7,62.4,77.2,4.7,1
4.1,73.4,41.3,43.8,7.4,0
2.5,72.3,55.9,60.3,6.3,1
5.8,69.0,82.5,69.9,8.3,1
5.5,70.1,86.6,80.7,7.5,1
3.7,81.1,70.4,39.5,8.2,1
2.7,67.7,40.8,69.8,5.6,0
5.1,78.0,68.5,58.9,6.4,1
4.4,68.2,73.1,87.3,5.3,1
1.1,61.5,68.0,61.5,6.0,0
3.9,52.9,71.6,69.0,8.3,1
4.5,47.1,66.0,94.2,8.6,1
2.2,64.2,57.1,60.0,5.4,0
4.4,71.2,51.3,78.8,6.3,1
1.1,50.2,28.6,53.0,6.7,0
6.7,73.6,67.8,73.9,7.5,1
6.5,74.4,65.3,68.1,4.7,1
3.5,43.4,67.9,80.0,4.9,1
4.7,60.1,40.7,47.7,7.4,1
0.0,68.9,65.7,53.5,4.5,1
1.7,71.2,88.5,67.5,6.3,1
3.4,55.3,60.6,66.6,7.0,1
1.9,68.7,56.9,60.7,7.3,0
5.4,84.4,66.1,77.4,6.6,1
8.0,85.3,94.5,97.1,6.4,1
1.6,65.3,42.3,44.3,7.8,1
2.3,61.9,61.4,55.3,7.1,0
4.5,63.2,48.5,40.3,6.0,1
7.2,80.4,55.0,91.4,6.8,1
1.6,68.7,56.8,68.0,7.3,0
4.5,78.3,80.7,80.0,8.9,1
7.6,77.0,90.7,58.5,7.7,1
0.7,74.9,63.4,66.4,8.3,0
1.4,67.3,51.8,68.8,6.1,0
3.2,78.1,96.5,76.1,6.2,1
3.0,78.9,52.5,77.1,6.5,1
5.6,62.8,53.1,94.6,6.6,1
4.5,49.0,33.9,41.3,5.6,0
0.5,83.2,77.4,57.6,8.3,1
5.0,74.6,75.6,58.9,7.9,1
2.8,47.7,95.1,100.0,6.4,1
6.5,65.3,41.7,72.3,7.6,0
2.7,77.4,80.6,71.3,7.1,1
2.7,64.7,59.8,65.4,7.7,1
5.1,65.5,73.2,58.8,5.2,1
5.5,89.1,36.8,68.2,6.6,1
4.9,58.8,82.9,68.8,6.7,1
0.6,55.4,68.4,64.7,7.5,0
5.1,74.2,60.5,73.7,6.0,0
1.9,71.6,67.6,65.4,3.8,0
4.5,76.7,49.0,57.3,5.5,1
1.2,76.7,48.5,60.5,6.7,0
4.9,73.7,53.9,73.7,6.9,1
2.4,73.5,30.6,76.3,8.8,0
1.4,63.0,70.4,77.3,7.5,1
5.4,72.9,79.3,84.0,6.9,1
4.5,72.0,50.0,58.2,6.8,0
2.8,70.7,64.0,56.7,8.1,0
6.9,83.6,58.9,73.7,6.1,1
3.1,75.3,64.0,69.0,6.6,1
4.1,70.6,50.7,41.3,5.5,0
4.5,61.1,47.3,55.3,8.5,0
2.8,69.0,74.5,69.7,7.3,1
4.9,71.1,60.0,57.8,6.0,1
2.9,70.7,89.3,97.5,6.7,1
3.2,95.2,59.9,71.7,7.4,1
6.7,67.8,48.8,79.8,6.5,0
1.9,71.9,76.3,75.2,6.2,1
0.0,76.8,65.5,68.3,6.0,1
7.2,76.0,74.1,57.5,7.2,1
9.1,100.0,83.0,74.4,6.4,1
3.2,64.2,49.4,60.9,6.3,0
0.1,68.1,54.2,43.5,5.2,0
3.4,59.5,56.8,56.2,6.9,0
3.4,64.9,40.1,52.5,6.6,0
3.6,72.4,55.7,69.1,6.4,1
1.8,76.8,77.8,78.6,7.0,1
5.2,75.6,64.7,58.7,7.7,1
5.0,86.7,40.9,63.9,7.6,1
1.0,64.4,33.7,51.9,7.5,0
5.4,68.1,86.4,35.4,6.5,1
8.1,100.0,62.8,59.3,6.1,1
4.3,75.2,50.6,76.4,5.5,1
3.3,60.4,55.2,39.5,6.1,0
3.7,61.2,37.6,57.6,6.8,0
5.2,60.5,82.6,96.2,5.9,1
0.5,76.0,50.6,50.6,6.9,0
4.3,66.1,80.8,73.4,5.6,1
3.2,70.4,60.0,46.7,4.8,0
7.7,74.8,85.1,97.8,7.8,1
3.7,78.3,63.5,65.2,6.2,0
7.3,64.8,76.1,72.1,5.8,1
1.8,53.8,68.6,87.4,5.5,1
5.2,74.5,70.5,78.5,7.3,1
4.6,78.2,65.9,55.1,8.4,0
2.3,71.4,54.8,53.8,6.3,1
4.4,60.8,89.1,83.6,6.5,0
6.4,81.8,48.8,51.8,8.1,1
3.4,60.1,59.4,35.1,4.6,0
0.6,58.7,56.8,63.0,9.2,0
4.0,58.6,66.0,46.7,9.7,1
2.2,82.9,51.8,84.3,3.6,1
3.3,76.6,64.0,69.1,6.7,1
3.8,77.0,57.3,51.2,5.9,0
0.6,79.8,32.9,44.4,6.5,0
0.8,98.9,56.9,37.3,6.3,1
5.0,50.9,44.5,43.4,7.8,0
3.0,59.6,32.9,68.4,6.7,0
0.0,56.6,58.1,95.5,5.7,1
5.6,62.1,68.9,78.7,6.6,1
4.5,57.9,68.4,67.1,7.4,1
2.6,64.3,67.1,61.8,5.4,1
1.4,51.5,28.4,39.0,4.8,0
5.7,76.5,41.3,86.3,9.2,1
4.7,71.7,90.3,74.5,6.0,1
8.8,82.9,49.1,90.2,6.6,1
4.8,77.4,70.0,88.5,6.3,1
4.8,78.4,50.5,36.8,7.5,0
3.7,65.0,60.9,56.0,8.9,1
5.6,97.9,52.1,52.5,7.5,1
5.3,74.7,69.7,67.8,5.0,0
6.5,51.4,64.6,66.0,5.1,1
3.0,56.4,52.2,100.0,6.3,0
3.1,47.8,43.4,43.3,6.5,0
3.0,68.8,63.1,69.4,4.7,0
5.6,70.9,43.4,67.0,7.8,1
7.0,68.9,69.4,68.7,5.5,0
3.1,92.8,98.5,81.9,8.6,1
3.2,75.3,79.4,58.1,9.0,1
4.6,79.7,71.4,71.1,6.5,1
3.5,58.1,58.2,71.4,7.3,1
5.9,60.9,32.8,58.7,5.3,0
0.0,64.4,36.2,63.4,7.5,0
2.3,69.6,77.6,91.8,6.2,1
2.4,45.4,46.6,72.8,5.5,0
0.0,61.8,45.5,60.2,6.5,0
2.1,67.3,55.6,46.8,6.2,0
2.2,64.7,42.2,49.5,6.4,0
3.6,59.6,41.2,54.4,7.9,0
6.2,66.9,61.5,69.1,5.9,0
3.5,67.1,46.1,52.8,8.9,0
1.9,68.0,46.8,46.6,5.2,0
3.9,77.1,48.2,43.6,8.7,0
6.1,86.1,69.9,45.9,5.6,1
2.0,63.5,54.6,59.5,6.8,0
2.2,61.8,55.5,42.6,6.2,0
5.1,76.9,70.1,55.0,6.4,0
3.6,76.7,57.4,58.5,7.8,1
5.3,66.7,57.1,45.1,8.6,1
4.0,79.4,67.0,73.1,8.2,1
5.4,83.9,71.4,79.9,6.3,1
1.9,82.4,55.7,55.6,7.0,1
4.0,91.3,61.2,59.4,5.9,0
3.6,59.0,47.9,67.7,5.6,0
1.6,66.5,44.7,48.9,5.4,1
0.9,65.4,68.4,57.4,6.3,0
5.4,70.9,68.0,85.0,7.1,1
3.3,61.2,66.1,79.8,4.5,1
2.0,49.1,62.2,74.3,6.7,0
3.8,70.8,60.5,78.2,8.6,1
6.3,64.2,72.7,42.4,8.1,1
0.0,65.0,70.0,88.0,6.1,0
1.0,56.0,70.7,74.8,5.1,1
2.2,54.0,56.6,77.8,7.4,1
6.9,77.2,83.7,79.9,4.0,1
4.6,72.7,64.0,67.3,8.1,1
5.5,79.3,71.0,65.6,6.5,1
1.7,92.8,62.0,70.9,9.0,0
1.8,70.0,61.5,61.2,4.7,1
4.9,77.2,49.9,73.1,7.9,1
4.1,57.2,70.6,47.0,6.7,0
5.1,56.2,100.0,73.4,6.4,1
3.6,88.4,54.0,91.2,5.2,1
4.6,59.8,61.6,56.9,7.5,0
4.3,57.9,53.6,59.1,7.6,1
5.6,71.9,54.2,50.3,8.9,0
5.6,71.3,84.8,79.6,8.0,1
0.8,54.3,46.7,49.4,6.1,1
0.0,60.3,48.9,58.0,5.6,0
6.0,87.8,38.2,68.2,5.2,0
6.4,63.9,51.0,51.6,8.6,0
2.0,50.2,32.3,65.0,5.9,0
0.3,75.7,65.8,78.8,8.6,1
4.2,76.2,100.0,95.8,7.4,1
5.9,65.3,56.4,65.5,7.2,1
7.6,56.4,38.6,100.0,6.4,1
5.0,62.6,74.5,85.6,7.6,1
3.3,68.2,48.4,64.9,6.8,1
2.2,81.3,77.7,59.8,6.4,1
4.0,57.6,55.8,62.0,7.6,1
3.4,68.1,49.9,80.9,6.6,0
2.0,75.1,55.3,87.1,5.8,1
8.1,47.6,75.5,91.9,7.5,1
7.6,87.8,60.2,76.1,6.7,1
6.3,59.2,54.8,45.3,7.4,0
2.2,71.2,55.2,69.9,6.3,1
5.7,75.5,42.6,40.7,5.3,0
5.3,84.9,67.2,47.1,8.9,1
4.9,77.9,34.1,58.0,8.7,1
6.5,45.2,55.8,70.7,7.9,0
5.3,62.5,72.7,82.7,6.3,1
5.5,73.9,66.0,74.4,6.4,1
5.3,69.6,70.1,76.5,8.5,1
4.7,76.8,59.7,51.1,6.4,0
0.4,74.1,74.0,69.1,6.0,0
4.2,77.6,74.0,49.5,9.0,1
2.9,65.8,65.6,39.2,6.7,0
1.4,44.0,71.4,79.9,8.9,1
7.4,69.6,74.6,60.3,5.1,1
7.5,80.2,56.9,76.0,7.4,0
6.7,61.0,42.6,73.5,9.3,1
4.5,78.3,66.8,59.1,6.8,1
6.7,85.0,70.9,77.6,6.5,1
4.0,71.6,76.4,62.3,5.4,1
4.4,33.8,46.4,33.7,8.1,0
1.8,51.4,44.2,60.4,5.9,0
4.8,93.8,67.7,61.5,6.7,1
4.1,63.6,59.1,58.5,5.3,1
1.4,42.3,29.1,80.3,8.7,0
3.9,84.7,65.5,45.8,8.2,1
3.8,69.9,32.1,59.2,6.8,0
7.6,88.7,49.4,46.8,5.4,1
5.8,76.0,82.1,86.5,8.6,1
4.0,75.5,87.4,80.1,6.4,1
4.5,75.1,42.3,63.2,5.5,1
4.1,78.5,55.1,49.8,4.7,0
3.6,96.7,60.2,54.4,6.0,1
1.8,78.4,84.6,87.8,5.1,1
3.7,50.6,52.3,86.7,6.1,0
2.5,73.1,51.4,68.3,7.7,1
1.5,79.9,80.7,60.7,6.3,1
5.0,86.0,55.4,67.9,7.2,1
4.8,66.1,71.6,100.0,5.9,1
0.4,78.6,34.3,56.1,6.9,0
3.8,80.8,57.2,84.3,9.1,0
6.0,100.0,37.1,45.5,6.4,1
6.1,64.2,46.3,58.9,7.3,1
6.1,67.0,74.6,79.5,4.9,1
4.1,66.4,59.3,70.3,8.6,1
2.3,61.6,53.5,51.7,6.2,1
1.8,56.1,46.6,48.3,8.1,0
4.7,37.9,57.4,77.8,6.7,0
4.8,65.9,65.3,83.8,7.5,1
6.6,78.3,77.3,93.1,7.6,1
6.2,67.4,22.8,75.4,6.3,0
3.7,92.8,47.3,61.8,8.1,1
1.5,66.4,59.9,60.6,5.9,0
3.4,84.5,57.9,83.1,7.7,1
4.4,73.8,66.5,77.6,6.3,1
3.6,79.3,63.6,52.7,7.2,1
2.8,71.6,54.3,48.2,6.2,0
4.5,87.2,52.6,68.9,6.9,1
3.0,69.2,55.3,60.6,5.5,1
2.7,74.1,76.0,71.0,7.1,0
4.6,75.3,49.6,75.9,6.9,1
3.2,65.3,58.3,74.9,6.2,0
4.5,75.6,63.2,84.9,6.7,1
4.5,97.6,84.0,47.5,7.0,1
1.7,63.3,53.2,65.8,6.1,0
3.0,73.6,73.4,80.1,6.6,1
6.9,89.4,81.4,52.2,5.6,1
1.7,80.2,56.7,54.5,9.6,0
0.0,64.1,52.8,50.4,8.1,0
0.3,35.8,51.3,61.8,7.1,0
4.1,76.3,56.2,86.3,8.2,1
4.1,43.5,72.9,98.5,4.4,1
3.8,87.3,63.2,54.9,3.7,1
6.4,75.7,66.0,74.8,6.3,1
0.0,76.0,39.1,64.5,5.1,0
4.8,60.4,46.3,64.9,6.5,0
7.1,56.1,95.3,84.7,7.0,1
1.7,69.7,55.1,67.3,7.9,1
3.2,68.5,47.6,83.7,5.4,1
2.5,61.8,80.0,88.4,7.3,1
2.2,68.3,62.4,51.1,6.8,0
3.3,100.0,68.0,79.3,7.2,1
6.9,84.3,60.8,77.8,6.2,1
7.7,88.1,58.9,69.0,8.5,1
3.3,79.1,56.8,79.6,6.7,1
7.8,93.5,43.1,60.9,8.9,1
4.1,67.8,58.8,67.3,5.9,1
7.5,50.6,67.9,69.9,7.7,0
3.8,67.5,87.6,47.8,6.7,1
4.3,80.1,61.6,64.5,6.4,1
4.7,59.5,25.7,41.9,7.6,0
10.0,76.9,64.6,50.2,6.4,1
5.7,64.3,100.0,100.0,3.6,1
2.6,85.9,71.6,76.7,3.1,0
5.9,81.9,49.8,60.5,8.3,1
3.3,76.7,68.1,60.3,8.3,1
3.0,76.0,47.9,64.3,9.1,1
5.8,72.3,41.5,71.5,6.8,1
4.1,72.5,54.8,51.4,5.2,0
4.6,56.6,61.9,65.7,6.3,0
4.0,43.8,31.9,65.9,6.8,0
4.7,72.8,43.4,31.3,5.6,0
4.8,75.2,61.0,64.6,8.8,1
0.1,78.7,50.0,55.0,9.5,1
5.3,90.9,67.3,66.0,7.4,1
2.0,85.9,39.8,49.9,6.8,0
1.1,53.7,67.8,70.1,5.2,0
3.9,65.6,42.1,84.8,8.7,1
4.2,76.0,84.8,70.4,6.9,1
2.6,98.3,32.9,58.2,6.5,0
5.7,90.3,45.3,87.0,7.4,1
1.3,79.4,63.6,58.7,6.1,0
3.2,64.1,84.1,100.0,7.0,1
2.8,57.6,63.6,66.5,5.1,0
3.9,79.3,68.3,93.3,8.1,1
4.6,57.6,60.8,75.8,6.7,1
2.0,64.1,42.6,62.3,8.2,0
5.4,70.8,54.1,61.7,6.6,1
4.1,89.3,41.9,49.0,6.6,0
0.2,60.1,37.0,56.9,5.3,0
0.1,34.9,62.1,78.4,7.7,0
4.0,76.0,43.1,58.1,5.7,0
3.6,60.9,64.4,62.3,6.2,0
3.8,70.2,40.3,53.6,6.8,0
3.9,68.9,64.4,80.7,6.9,1
4.5,67.4,53.1,79.4,4.8,1
5.9,82.3,83.0,64.9,6.5,1
1.8,48.3,62.6,56.7,7.8,0
1.7,60.3,76.2,76.8,6.3,0
1.8,74.9,46.5,81.0,6.5,1
4.6,63.5,61.4,81.6,7.0,0
6.5,54.4,47.8,42.6,6.6,1
3.1,76.7,52.9,58.5,5.6,1
0.0,77.5,52.1,48.8,6.8,0
0.6,64.3,45.7,55.5,8.0,0
2.3,44.0,40.1,79.5,5.5,0
2.9,76.8,37.7,36.2,6.4,0
3.2,48.9,24.1,28.0,5.1,0
4.1,73.8,44.2,47.1,7.9,0
3.4,58.4,68.8,72.5,6.7,1
6.1,59.2,38.1,64.9,5.8,0
2.6,62.7,38.1,62.4,6.9,0
2.3,65.2,85.1,91.5,5.4,1
5.0,63.7,51.4,36.9,5.6,0
0.9,72.5,61.7,82.3,5.0,1
4.8,65.8,70.4,64.8,5.5,1
4.2,82.1,70.1,79.3,8.4,1
3.7,72.9,36.9,37.2,5.9,1
7.2,66.4,59.7,65.0,7.4,1
2.8,57.7,34.5,58.1,5.8,0
8.1,56.4,100.0,97.2,7.7,1
3.5,72.8,35.6,33.1,5.6,0
1.4,61.9,41.7,58.1,6.8,0
4.1,41.7,44.5,43.6,6.9,0
1.8,60.3,35.4,62.2,9.6,0
2.5,56.9,78.8,83.4,7.6,1
4.8,90.1,97.1,97.9,6.1,1
5.1,51.2,54.0,55.1,7.6,1
2.8,50.8,38.9,69.6,9.4,0
6.0,86.3,28.4,71.4,4.8,1
6.3,89.8,58.7,41.5,5.8,0
6.9,65.4,58.1,72.8,6.5,1
5.1,64.0,51.3,74.9,6.3,1
6.7,81.5,66.0,63.8,6.4,1
0.2,36.4,62.2,48.9,5.2,0
3.4,46.7,64.2,79.9,8.5,1
2.3,64.0,53.5,45.6,5.1,0
4.2,89.0,43.7,56.0,6.6,1
2.9,63.1,68.8,68.0,8.1,1
3.7,70.7,59.9,75.0,6.8,1
7.8,89.3,77.1,63.1,5.6,1
3.7,94.8,71.5,60.0,5.2,1
4.8,64.3,39.5,58.2,6.5,1
3.5,69.1,38.0,70.3,5.9,1
4.2,92.1,48.8,92.6,7.0,1
4.0,51.8,44.2,37.6,5.1,0
4.9,83.7,72.2,74.3,7.8,1
6.3,61.3,67.6,52.8,6.9,1
7.3,76.2,79.8,87.2,7.0,1
4.6,68.0,66.6,54.5,8.5,1
5.2,60.3,64.3,57.3,6.3,1
1.7,54.8,75.7,63.0,5.9,1
3.8,73.1,66.9,66.7,6.1,0
5.9,84.8,62.9,70.7,6.6,1
5.7,71.0,83.9,81.3,6.7,1
4.4,71.5,62.2,65.8,5.8,1
5.8,79.5,57.2,45.3,4.4,1
5.0,59.8,48.4,70.6,6.1,1
6.4,82.5,72.9,69.4,7.2,1
4.6,80.7,79.1,88.9,7.0,1
3.3,100.0,58.5,54.5,8.2,1
4.7,66.5,80.3,50.7,9.1,1
0.0,58.5,26.4,51.1,7.7,0
4.8,80.4,59.9,83.1,8.5,1
0.0,73.8,55.4,65.4,7.7,1
0.6,58.4,45.6,56.5,8.9,0
4.9,66.5,96.7,67.5,9.0,1
5.0,77.9,60.0,89.6,7.9,1
1.7,56.6,51.6,47.2,7.6,0
2.6,62.9,59.0,54.4,6.6,0
6.7,75.2,32.7,62.1,6.8,0
3.0,80.5,47.6,34.1,6.4,0
8.5,69.5,79.2,90.5,7.5,1
4.0,47.9,50.6,70.0,5.9,0
4.8,48.2,48.4,72.9,6.6,1
7.2,59.7,82.9,82.0,4.0,1
4.3,54.6,80.4,70.9,8.9,1
2.0,65.1,65.8,52.4,6.5,0
3.8,55.4,53.0,60.2,7.3,0
3.9,61.5,56.3,49.9,8.5,1
1.3,56.6,45.2,65.9,7.2,0
3.5,63.9,44.6,70.1,8.5,1
2.5,83.6,42.8,78.8,5.3,0
5.8,80.7,52.6,67.2,9.7,1
4.1,70.3,44.5,71.8,8.1,1
3.4,63.6,36.0,51.2,7.1,0
3.8,64.5,63.1,59.5,8.5,1
4.4,74.6,64.0,73.2,5.4,1
5.2,78.9,86.7,70.3,6.5,1
2.0,56.1,48.0,64.0,8.5,0
1.9,67.3,62.4,51.1,4.6,0
6.2,48.9,66.9,55.4,7.5,1
3.2,71.3,55.4,72.0,7.4,1
1.2,74.9,68.3,80.7,9.2,0
4.9,68.0,72.5,56.2,4.9,1
4.9,93.2,65.8,76.7,8.7,1
0.9,54.8,53.1,54.8,6.1,0
4.5,73.3,55.1,63.3,6.3,1
5.5,71.8,41.0,77.2,5.3,0
4.7,69.9,48.7,71.8,5.5,1
5.3,70.5,51.9,72.9,7.3,1
1.2,67.1,40.3,83.9,5.5,0
4.7,81.2,67.3,58.1,7.7,1
3.4,85.6,77.3,58.1,6.0,1
3.0,68.5,45.4,49.1,5.3,0
5.7,82.4,66.0,63.8,6.2,1
7.0,66.0,47.4,27.0,7.2,1
7.6,84.6,59.0,61.7,6.5,1
6.6,64.8,52.3,54.3,6.8,1
3.8,82.8,68.8,79.5,7.6,1
4.7,97.6,50.5,66.1,8.1,1
5.5,70.8,76.7,63.3,6.4,1
4.2,44.1,56.6,71.9,5.5,1
4.3,63.8,50.5,71.3,6.9,1
5.6,87.3,42.8,47.4,7.4,1
3.9,76.5,63.7,59.6,5.0,1
2.5,70.8,72.0,38.6,5.7,0
3.2,80.9,63.3,51.0,5.9,0
5.3,77.7,94.9,68.5,6.6,1
4.0,84.6,81.5,74.6,5.9,1
4.7,82.1,56.1,50.2,7.6,1
5.3,90.3,56.6,56.4,4.9,1
3.3,73.2,66.3,50.4,4.9,0
5.5,83.1,48.9,63.0,6.4,0
4.8,67.5,78.3,78.3,6.6,1
1.5,59.1,63.0,71.8,5.1,0
6.9,94.8,66.7,67.9,6.1,1
3.0,71.1,69.3,47.1,6.3,0
0.7,74.7,82.5,65.3,6.3,0
1.9,68.3,60.5,59.5,7.0,0
2.0,59.9,56.3,57.9,6.0,0
4.1,70.3,82.7,75.1,8.6,1
3.5,86.4,74.0,90.5,7.4,1
3.3,75.7,54.5,74.2,5.8,1
5.2,51.3,61.3,51.7,6.9,0
4.7,68.4,63.6,75.9,6.9,1
4.6,92.3,66.1,76.4,8.3,1
4.8,68.7,40.5,45.9,6.1,0
5.2,50.2,38.1,68.1,7.7,0
0.0,86.7,42.7,55.8,6.9,0
3.3,77.1,44.8,39.2,8.6,0
0.0,63.2,46.3,65.9,8.3,0
4.1,65.7,69.6,71.9,7.0,1
4.0,83.0,57.5,60.8,6.5,1
6.1,66.6,65.0,66.5,7.4,1
6.4,87.3,44.0,48.5,6.6,1
4.4,77.1,53.5,70.9,8.8,1
3.0,71.4,67.8,67.5,6.9,1
5.0,73.2,69.9,71.3,6.3,1
2.9,66.3,48.1,65.2,6.2,1
4.0,82.5,62.4,49.8,5.3,1
6.0,62.6,95.0,66.5,7.5,1
2.9,48.9,58.6,33.5,5.8,0
5.6,79.8,51.2,69.4,8.1,1
5.4,79.6,58.7,47.5,5.2,0
2.1,72.9,59.5,66.6,7.0,0
5.9,77.8,59.7,70.1,8.2,1
5.4,68.2,60.9,73.8,4.2,1
4.2,79.8,38.6,39.6,9.2,1
2.5,67.2,44.0,57.7,6.3,0
2.3,61.6,56.0,86.8,7.0,1
2.9,64.6,56.4,87.6,7.5,1
5.1,95.9,52.6,75.9,7.7,1
2.1,46.3,55.4,67.9,7.1,0
4.9,77.3,61.8,51.6,8.0,0
1.5,46.1,70.9,79.4,7.4,1
3.6,68.1,58.1,62.0,8.9,1
4.2,65.1,66.2,75.3,7.4,1
8.9,52.3,56.8,54.8,9.2,1
1.2,70.5,65.8,64.9,7.9,1
6.9,69.9,68.6,70.7,4.6,1
4.3,45.3,73.3,73.8,9.9,0
4.8,81.3,71.5,76.5,6.1,1
4.2,87.6,69.1,60.5,8.6,1
4.9,89.2,59.4,46.0,6.8,0
3.7,73.8,63.4,89.1,8.1,1
6.9,74.9,78.9,100.0,6.0,1
3.1,84.6,49.3,67.0,7.6,1
6.3,93.6,52.8,43.6,6.5,1
2.7,81.7,61.4,54.7,8.7,0
3.9,58.5,66.1,74.6,7.3,1
1.9,69.2,45.5,78.0,7.9,1
4.9,76.6,59.8,47.9,4.2,0
6.9,52.6,61.5,63.9,6.7,0
3.8,75.4,26.6,54.4,7.3,0
3.6,96.7,56.3,75.6,7.1,1
1.8,74.3,55.4,58.4,8.0,0
3.5,87.0,57.1,42.0,6.4,0
0.8,67.4,78.1,80.9,6.9,1
2.2,66.4,39.9,72.7,8.2,0
4.5,75.3,48.1,59.1,4.1,0
6.6,64.2,23.5,56.1,7.5,0
9.6,66.9,58.4,57.7,6.4,1
2.8,83.4,52.9,50.3,5.7,1
6.9,90.8,55.2,77.5,7.2,1
4.5,58.8,77.1,77.3,8.3,0
3.7,81.2,72.6,76.9,8.0,1
4.9,70.3,62.0,86.8,6.6,1
4.1,74.3,54.6,48.1,7.9,0
4.2,75.9,75.6,63.5,7.8,1
3.2,80.7,58.9,66.8,6.7,1
1.2,66.8,44.9,51.1,6.0,0
0.9,82.3,31.2,64.4,6.0,0
5.3,75.7,54.7,60.3,7.8,1
3.4,76.7,70.8,55.4,6.7,0
2.8,58.2,93.0,79.1,5.5,1
4.0,95.9,60.9,67.8,4.8,1
5.6,78.0,50.1,74.1,7.8,1
4.4,79.1,42.6,63.5,6.1,0
2.7,48.7,67.0,74.2,7.2,0
6.5,63.8,36.0,59.9,8.3,1
7.2,89.6,71.4,66.9,5.2,1
5.0,74.9,73.3,60.3,6.7,1
5.9,50.0,68.5,72.4,6.6,1
6.5,86.2,59.2,60.0,7.3,1
6.3,66.9,70.7,93.0,8.3,1
5.2,88.8,63.8,85.3,5.2,0
5.2,70.7,49.5,69.7,7.5,0
5.0,74.0,88.8,81.8,8.0,1
1.8,80.9,52.5,60.8,6.6,1
5.4,61.3,73.0,52.6,6.6,0
1.3,54.0,21.0,46.4,7.3,0
2.4,65.3,77.6,73.4,7.2,1
6.6,83.8,84.6,78.1,7.5,1
5.7,56.6,62.1,72.4,7.5,1
7.0,54.4,71.4,82.4,5.6,1
3.5,79.1,67.8,58.4,8.0,1
1.7,59.3,48.1,50.7,8.2,0
3.5,64.6,67.7,88.4,7.0,1
4.2,48.0,48.1,71.0,5.0,0
4.2,62.1,51.0,55.9,6.7,1
6.3,73.3,79.2,71.2,7.0,1
3.3,80.1,73.9,69.1,5.4,0
4.7,61.8,50.1,61.5,6.4,0
2.0,86.9,47.0,66.4,5.1,0
4.9,63.1,51.2,97.0,7.5,1
4.0,61.8,71.0,72.1,7.0,1
2.5,86.2,43.5,67.7,4.8,1
3.5,71.8,64.9,43.3,7.2,0
3.6,62.8,70.8,62.5,6.7,0
3.5,67.3,58.1,81.5,7.4,0
7.5,91.6,78.7,78.1,6.3,1
3.8,87.3,55.2,1.6,5.8,0
3.5,59.5,56.3,73.0,5.9,0
0.0,63.5,41.3,84.4,6.2,0
2.2,68.4,73.5,42.4,6.8,1
3.5,57.4,48.0,81.5,7.0,0
2.6,67.3,63.9,27.7,6.6,0
6.8,74.2,61.7,78.8,6.3,1
3.7,83.2,43.9,58.4,6.4,0
6.6,88.4,53.4,29.5,9.8,1
4.1,66.2,80.9,79.6,5.9,1
4.1,67.5,63.1,82.4,6.1,1
3.8,77.7,44.7,64.0,10.0,1
4.0,63.0,64.6,75.0,7.3,1
7.4,82.2,61.2,59.7,5.1,1
0.0,62.9,100.0,54.9,7.8,1
0.0,52.4,60.3,74.8,5.7,0
2.9,56.9,53.2,86.8,7.9,0
4.0,87.4,81.3,89.3,6.5,1
5.4,70.2,33.8,26.7,6.3,0
4.9,91.1,62.4,44.7,8.7,1
3.2,62.7,89.1,64.8,7.5,1
6.0,76.6,60.3,42.8,8.0,0
6.1,100.0,36.1,56.0,7.3,1
4.4,57.9,54.4,68.3,6.3,1
5.9,50.1,83.7,54.5,7.5,1
4.5,86.3,66.2,78.4,8.3,1
2.9,58.4,46.3,67.9,7.0,0
5.4,71.8,51.1,53.8,9.0,0
4.2,63.3,51.8,59.3,7.8,0
4.0,73.2,65.4,39.9,7.1,0
6.9,63.0,83.0,69.6,7.1,0
0.0,61.8,71.8,69.8,7.0,1
1.2,71.1,64.0,69.0,5.3,1
1.6,54.3,37.7,61.4,6.7,0
3.3,60.5,39.4,60.2,7.1,0
3.5,65.1,67.5,64.3,6.3,0
1.0,48.3,36.8,59.7,7.2,0
2.0,62.0,54.6,76.9,6.8,0
2.3,68.8,62.8,64.8,7.7,0
8.9,72.6,47.9,64.6,7.6,1
7.6,72.1,48.2,57.7,7.0,1
3.2,68.5,57.8,55.1,5.2,0
3.3,61.0,66.8,75.1,8.9,1
1.7,74.8,73.6,62.7,6.6,1
0.2,81.5,65.3,72.5,6.7,0
3.8,64.1,60.9,65.7,6.4,1
2.0,72.8,46.8,55.5,6.2,0
3.8,66.9,43.8,53.9,8.7,0
0.8,69.6,49.1,53.5,8.5,0
2.5,86.5,64.6,43.8,7.3,0
4.3,76.5,65.3,72.5,6.7,1
4.7,49.8,29.2,55.9,7.5,0
4.8,76.7,49.0,72.5,6.9,0
1.4,80.8,75.4,63.7,6.6,1
5.7,69.9,62.9,92.7,7.2,1
2.4,79.5,37.1,50.5,6.3,0
5.3,63.6,96.6,67.4,7.1,1
4.0,52.1,59.5,50.9,7.0,1
1.2,67.6,63.0,41.9,7.5,0
3.4,48.0,65.4,88.6,6.1,0
4.7,68.2,55.2,82.3,7.7,0
5.2,87.3,50.3,69.5,5.7,0
3.7,46.7,91.5,65.1,6.1,1
7.1,59.2,78.1,97.6,6.2,1
6.0,60.6,74.3,65.8,5.5,1
3.5,68.5,68.1,64.5,8.0,1
5.5,67.9,46.5,79.7,5.6,1
7.9,92.6,83.0,83.4,6.0,1
7.9,87.3,51.3,92.3,8.3,1
1.5,72.3,61.8,69.2,6.1,1
2.1,69.0,33.6,48.9,6.6,0
7.0,79.2,32.4,45.4,5.6,0
1.9,56.5,62.7,40.2,7.8,1
1.4,76.3,45.2,55.2,7.8,0
3.0,55.2,29.2,68.7,7.7,0
4.8,81.3,68.9,77.0,7.4,1
3.8,83.9,91.6,77.9,6.9,1
2.7,70.6,79.5,58.9,6.2,1
2.7,65.9,54.8,66.1,5.8,1
2.6,72.7,58.7,78.7,8.3,1
2.2,33.0,71.6,75.7,7.7,0
8.6,80.5,81.4,75.9,6.0,1
4.6,69.5,55.4,52.0,6.8,1
5.8,72.1,62.3,78.1,6.4,1
3.0,77.0,63.5,22.6,5.4,0
3.6,68.5,67.9,73.5,7.0,1
2.6,54.2,56.6,99.6,6.3,1
0.0,62.3,54.2,41.6,5.7,0
1.2,66.7,77.9,68.8,5.0,1
0.4,65.9,74.5,70.7,4.9,0
0.0,65.9,63.2,59.8,6.4,0
1.6,78.9,83.4,88.9,6.7,1
6.6,60.9,56.9,70.4,5.7,1
3.9,72.0,84.3,76.8,7.6,1
6.6,89.4,70.7,80.4,6.7,1
4.8,50.4,100.0,81.2,7.5,1
5.6,74.5,43.7,100.0,6.6,0
2.2,60.3,47.9,62.3,5.9,0
5.0,67.1,67.3,70.7,6.9,1
5.5,61.3,67.4,44.0,5.3,0
2.8,66.2,88.1,68.6,7.4,1
5.1,93.8,51.1,77.5,5.7,1
5.1,56.5,74.7,52.2,7.9,1
2.9,54.3,76.3,41.3,6.4,0
1.8,51.0,68.3,68.8,8.1,0
1.6,87.2,43.2,77.5,5.5,1
4.2,64.7,81.3,74.1,6.0,1
4.7,70.7,79.1,67.9,7.3,1
2.4,62.8,67.4,41.9,8.2,1
4.1,58.7,63.1,72.6,8.8,1
5.1,68.9,64.5,76.1,6.8,1
5.2,100.0,60.1,40.1,9.0,1
7.1,91.4,72.7,86.0,6.5,1
6.6,63.6,63.0,76.9,8.1,1
2.0,74.8,45.3,75.0,5.7,1
7.4,65.1,47.6,68.2,7.3,1
2.9,47.1,47.7,69.2,4.0,0
6.1,85.4,65.4,74.5,5.5,1
4.1,84.1,59.7,77.1,7.4,1
3.2,81.3,62.4,40.5,5.2,1
0.4,58.9,63.9,45.5,7.3,0
3.7,67.5,50.2,50.8,7.9,0
0.9,74.3,78.9,70.7,6.2,0
5.9,77.6,57.9,69.6,5.6,1
7.0,69.8,56.5,68.2,6.2,1
2.4,48.2,65.6,82.9,5.6,1
4.6,72.3,33.1,70.3,6.7,0
2.5,80.8,46.7,47.5,6.9,0
2.7,53.7,73.5,73.7,6.4,1
5.5,80.0,35.5,43.3,8.8,0
3.9,73.9,76.7,69.0,5.9,1
7.5,84.2,86.1,80.0,8.5,1
3.0,79.0,53.5,14.7,5.6,0
6.0,64.7,66.4,100.0,6.9,1
4.2,50.9,77.0,79.7,8.2,1
5.6,66.0,54.6,54.5,8.2,1
3.1,79.3,72.1,96.8,6.3,1
3.9,63.3,49.8,56.1,7.5,1
3.8,61.3,52.6,63.9,7.3,0
2.3,45.6,46.3,52.7,6.2,0
5.3,93.0,66.5,90.7,7.5,1
5.3,81.9,78.7,71.0,9.0,1
5.2,81.0,58.4,66.5,7.4,1
7.1,86.2,44.0,75.5,7.5,1
6.9,81.3,46.7,67.9,7.6,1
3.3,65.9,65.2,66.3,5.0,1
4.7,69.2,88.4,91.9,7.4,1
2.8,63.0,64.7,100.0,5.6,1
4.0,100.0,54.2,67.1,6.1,1
2.8,74.9,70.3,70.8,9.4,0
7.2,69.3,59.6,67.2,6.5,1
4.7,76.7,55.1,81.4,5.9,1
3.6,57.2,45.2,50.7,8.2,0
6.4,91.6,83.5,70.5,5.7,1
0.0,56.1,17.9,26.6,6.3,0
0.0,70.0,68.0,51.6,8.3,0
5.6,85.2,54.6,55.6,6.9,0
4.1,74.8,54.0,61.8,4.9,1
4.5,71.9,85.9,100.0,7.5,1
1.3,66.2,46.6,67.2,6.3,0
4.0,69.3,49.8,48.1,8.6,0
8.0,69.1,62.1,55.6,6.1,1
5.6,67.1,67.9,87.4,8.1,1
4.3,88.3,53.7,78.3,8.9,1
3.1,67.4,35.5,55.6,5.8,0
3.2,59.4,46.2,53.3,6.6,0
0.0,57.8,75.2,86.8,7.3,0
4.5,84.0,61.6,51.7,5.8,1
5.7,80.6,68.5,73.9,7.1,1
0.8,72.0,52.9,94.0,6.5,1
2.7,64.9,48.8,63.4,6.5,0
1.7,73.4,82.8,63.3,6.9,1
2.1,59.4,55.2,68.8,6.9,0
4.1,67.0,53.5,55.8,7.0,1
0.0,75.6,72.4,50.5,6.1,1
5.2,82.3,50.4,71.0,6.1,0
5.5,60.5,52.6,77.7,6.7,1
3.5,59.0,59.7,60.5,6.7,1
0.0,65.3,56.0,58.1,6.3,0
2.0,87.7,61.9,52.3,7.2,0
6.5,50.7,93.8,76.4,4.6,0
0.0,67.3,61.0,57.5,5.9,0
3.3,52.4,23.6,36.3,6.5,0
1.6,58.8,62.5,92.5,5.8,1
5.6,68.0,62.2,72.4,8.8,1
2.6,62.9,59.3,72.7,6.8,0
4.8,64.8,64.5,79.2,7.0,1
5.1,71.8,60.7,76.1,6.2,1
7.7,69.1,62.9,60.4,6.8,1
3.6,51.8,68.8,72.3,5.3,1
4.8,80.5,52.6,58.3,6.6,0
1.0,74.6,42.8,64.3,5.7,0
6.4,83.7,100.0,85.8,6.5,1
2.5,49.2,47.7,54.7,3.7,0
2.9,71.9,60.4,46.5,5.4,0
4.0,78.0,37.5,58.1,8.6,1
0.9,52.9,58.6,61.6,7.8,0
4.5,70.8,46.5,33.1,8.4,0
5.9,71.5,55.3,70.2,8.5,0
4.6,93.0,76.3,85.0,7.6,1
0.8,88.3,63.9,100.0,6.3,1
3.8,49.7,68.3,62.8,5.6,0
5.5,100.0,34.9,47.4,8.2,1
0.2,53.4,83.8,59.0,6.9,0
1.9,78.5,40.0,59.9,9.8,0
5.8,84.3,84.7,77.7,6.4,1
4.5,58.9,75.9,60.0,9.2,1
4.8,77.2,69.5,66.3,6.6,1
7.7,74.3,50.9,33.7,8.4,0
4.9,78.1,63.2,79.3,8.8,1
5.3,74.7,54.3,51.9,5.6,0
9.4,92.5,65.9,66.9,6.2,1
3.6,70.3,55.8,43.4,5.6,1
2.4,65.6,27.8,44.0,5.3,0
4.9,84.4,77.7,68.2,7.6,1
4.9,78.3,59.7,64.7,6.6,0
2.9,77.2,51.7,68.4,6.9,0
1.9,58.9,49.5,81.0,7.5,1
8.6,64.4,70.0,79.3,4.6,1
4.7,64.2,47.2,73.4,8.3,0
2.5,60.4,24.7,71.1,6.4,0
5.8,82.2,67.9,76.2,7.4,1
3.8,81.4,67.6,67.5,7.5,1
3.5,67.4,56.5,77.7,8.4,1
5.1,88.9,43.9,73.6,6.7,1
1.4,82.5,58.8,73.6,4.3,0
4.7,74.0,38.7,36.1,6.9,0
7.8,65.9,48.4,48.6,7.0,1
4.9,90.3,49.7,57.0,5.6,0
3.2,68.1,71.9,80.7,7.0,1
3.0,70.0,53.5,62.1,6.4,0
3.2,64.7,52.5,77.9,5.2,0
3.5,58.6,88.8,94.9,7.6,1
3.2,51.2,64.5,83.6,6.1,1
5.8,80.3,66.9,84.6,6.3,1
0.5,55.4,51.0,46.9,6.2,0
5.7,100.0,52.8,68.9,8.3,1
3.2,55.8,26.4,43.1,6.8,0
4.8,56.0,75.3,48.0,6.9,1
1.7,72.7,64.5,62.8,6.3,1
6.7,92.3,60.0,83.5,7.4,1
6.5,74.5,60.4,71.6,8.4,1
5.9,79.7,73.0,98.4,7.6,1
1.0,43.3,33.6,56.9,7.6,0
5.7,64.4,52.8,96.4,7.5,1
4.8,58.3,43.8,61.0,5.1,0
0.8,42.4,83.4,74.7,5.7,0
4.0,71.3,73.1,52.3,6.6,1
4.7,44.2,27.7,67.6,5.9,0
5.1,55.8,38.4,49.3,5.5,0
4.4,64.1,58.4,55.3,4.6,0
4.6,60.9,53.5,80.3,5.2,1
6.9,79.2,43.1,74.4,6.5,0
6.5,77.3,91.6,93.5,6.7,1
0.0,74.7,60.7,60.2,5.8,0
3.4,78.1,66.5,66.9,6.9,0
3.7,83.2,49.3,59.9,6.3,1
0.5,64.7,67.3,78.9,8.1,1
4.2,73.9,54.5,84.5,6.6,1
6.5,79.9,58.2,69.5,7.6,1
1.8,68.4,67.0,95.4,7.0,0
4.7,66.2,36.2,68.1,5.1,0
2.2,63.3,82.1,70.6,6.7,0
2.7,58.2,61.4,77.2,5.3,0
7.0,79.5,82.2,97.8,6.7,1
2.9,67.2,42.8,86.1,5.9,0
4.9,63.4,47.1,76.4,7.3,1
0.3,56.4,38.8,56.9,5.2,0
7.7,61.1,67.5,65.0,6.8,1
5.2,83.6,62.2,73.9,7.5,1
3.6,70.4,52.7,85.5,7.9,1
5.2,61.4,45.9,65.4,5.9,1
1.2,75.5,38.2,62.6,6.8,0
6.4,66.8,61.6,66.4,7.0,1
3.4,52.2,52.4,57.4,8.7,0
3.6,81.6,49.3,58.5,5.0,0
3.0,62.1,82.2,75.8,5.7,1
2.8,63.4,57.6,88.1,10.0,1
5.4,72.6,80.4,69.8,6.5,1
4.5,84.5,52.5,62.7,4.5,0
5.3,72.2,65.0,54.9,6.1,0
4.0,55.6,59.2,74.7,3.5,0
5.0,78.1,35.6,74.4,7.1,0
3.2,62.9,80.6,96.0,7.8,1
8.5,99.3,62.4,68.8,5.7,1
0.9,65.3,68.1,76.3,6.2,0
6.5,47.0,51.2,59.3,7.9,0
6.7,78.4,60.3,72.5,4.7,1
2.3,90.8,45.3,63.5,5.2,1
8.5,95.6,83.0,75.0,6.5,1
6.0,95.0,66.7,69.6,5.9,1
5.9,60.7,67.4,74.3,6.4,1
4.1,81.0,80.4,69.1,5.3,1
3.6,60.7,76.9,68.4,7.1,0
3.6,72.1,71.1,93.3,6.6,1
4.8,55.9,39.5,94.7,7.5,1
6.8,66.5,52.4,45.1,7.0,1
4.4,62.4,45.3,41.5,7.0,0
2.2,78.0,69.1,55.2,5.1,0
5.6,82.1,64.2,65.2,7.4,1
5.8,76.1,41.0,69.9,6.4,1
5.3,55.8,58.5,72.7,6.6,0
5.5,68.5,39.1,59.0,8.1,0
3.5,60.2,58.7,71.9,5.9,0
2.1,77.6,33.3,44.6,8.4,0
2.3,81.5,66.2,64.1,8.5,1
0.7,77.8,62.4,65.7,7.7,1
4.5,61.6,89.1,54.5,5.6,1
3.8,36.9,72.6,53.8,4.2,0
3.1,47.5,52.8,46.4,8.1,0
0.0,81.1,68.3,79.0,6.9,1
1.5,61.4,36.5,59.1,5.9,0
6.2,64.4,47.8,68.7,8.2,1
2.7,87.7,63.7,40.7,5.8,0
4.7,86.3,28.3,31.6,6.3,0
1.2,66.1,56.7,72.9,7.4,1
6.9,70.8,47.6,21.1,5.5,1
3.7,68.0,61.2,82.6,6.7,1
4.6,73.6,44.4,33.2,8.1,0
8.7,96.2,71.0,81.2,7.1,1
7.0,79.6,63.3,53.9,8.3,1
3.4,77.8,80.4,87.8,8.2,1
2.8,82.3,58.9,100.0,6.8,1
3.3,55.0,47.8,28.3,4.0,0
5.0,80.6,57.3,73.7,5.5,1
3.8,66.1,39.6,31.5,7.7,0
3.2,38.6,65.3,73.1,4.9,0
6.9,48.9,71.8,66.8,6.4,1
3.8,57.4,96.8,81.5,7.2,1
8.6,83.3,55.3,50.3,8.6,1
4.2,71.6,56.2,74.4,6.1,1
7.6,77.6,54.9,42.7,6.0,1
4.7,94.5,63.9,83.9,6.7,1
5.9,57.7,67.7,62.3,7.2,1
2.6,67.5,57.8,44.5,6.6,0
2.3,71.1,74.6,93.2,8.1,1
4.9,62.5,51.7,60.7,5.8,0
6.0,73.3,76.8,98.4,6.9,1
4.1,50.9,68.2,85.4,7.3,1
1.4,83.1,57.2,52.7,6.3,1
1.3,57.7,52.6,60.8,7.8,0
1.1,90.1,93.5,80.1,7.0,1
0.5,64.3,44.2,80.1,7.7,0
4.2,82.7,64.7,73.0,7.0,1
6.3,72.7,51.0,63.9,7.3,0
4.0,69.6,86.8,72.9,6.0,1
0.0,57.0,69.3,68.0,6.0,0
3.6,70.9,49.4,79.0,8.3,0
3.7,73.3,67.4,68.0,7.6,1
8.2,66.9,68.1,62.7,5.6,1
1.1,64.1,49.3,52.8,7.0,0
3.2,61.5,70.6,61.5,4.0,0
7.4,100.0,69.3,49.1,6.1,1
4.9,70.3,64.1,56.1,8.0,1
5.1,90.2,60.5,86.2,6.6,1
4.2,68.0,66.7,64.8,6.9,0
4.7,74.1,64.1,76.5,3.2,1
5.6,56.5,62.4,31.3,6.3,0
2.4,62.2,48.8,68.5,7.2,0
5.8,75.2,87.2,73.6,7.4,1
1.3,84.9,41.5,50.9,8.0,0
4.7,73.6,67.1,70.4,6.5,1
4.4,87.1,55.6,56.3,6.6,1
2.8,75.8,85.2,45.3,5.2,1
4.0,89.5,46.4,72.5,6.6,0
2.8,67.4,47.7,63.5,5.3,0
1.9,95.5,43.3,53.9,4.6,0
3.3,63.1,64.1,53.1,5.5,0
1.8,57.5,37.2,35.3,8.6,0
4.6,56.4,53.5,65.5,6.5,0
1.7,94.5,25.4,73.8,7.1,0
5.4,82.0,65.0,69.9,6.2,1
1.6,62.4,50.1,41.7,4.7,0
